,subkey,0
582,CLSID,8846
121,ActivatableClasses,197
508,AudioEngine,49
581,CID.Local,36
580,CID,29
506,Applications,28
0,*,24
120,AVIFile,14
595,batfile,10
122,AllFilesystemObjects,9
511,AutoCAD.Drawing.25,8
124,AllSyncRootObjects,7
577,CADdirect.dwg.drawing.23.PRO.ENG.x64,7
46,.lnk,6
525,AutoCADLT.Drawing.24,6
7,.URL,5
99,.symlink,5
504,Application.Reference,5
510,AutoCAD.Drawing.24,5
521,AutoCADDrawingStandardsFile.25,5
568,AutoCADTemplate.25,5
40,.htm,4
590,acad.8101.409,4
591,acadlt.7101.409,4
68,.mpe,3
69,.mpeg,3
57,.mht,3
70,.mpg,3
112,.wmv,3
407,AppXqj98qxeaynz6dv4459ayz6bnqxbyaqcs,3
13,.avi,3
592,accountpicturefile,3
551,AutoCADLTTemplate.24,3
100,.tod,2
30,.dvr-ms,2
31,.dwg,2
32,.dws,2
33,.dwt,2
101,.ts,2
102,.tts,2
162,AppX2wtve0gr4hmwf8741db8nbmx1qpzt6vb,2
37,.flac,2
104,.uvu,2
39,.heic,2
105,.vob,2
42,.jxr,2
106,.wav,2
108,.webm,2
109,.webp,2
48,.m1v,2
49,.m2t,2
50,.m2ts,2
51,.m2v,2
52,.m4a,2
53,.m4b,2
54,.m4p,2
55,.m4v,2
203,AppX5x2fk3tx27n2bc1073v687w94p448779,2
81,.ogv,2
59,.mod,2
111,.wma,2
61,.mov,2
62,.mp2,2
63,.mp2v,2
64,.mp3,2
65,.mp4,2
66,.mp4v,2
67,.mpa,2
82,.ogx,2
2,.3g2,2
3,.3gp,2
71,.mpv2,2
58,.mkv,2
73,.mts,2
297,AppXd0q15nymfv84r7f35ntqegq2cfc4yyvn,2
241,AppX94pe98zzr9p0r6563575w18v52574561,2
166,AppX33v3etqt5kvj5qvaf4z8ewzgsds8kfex,2
179,AppX3xhspq8c2yn3b76bxt2b8jkqveh2trc2,2
78,.oga,2
79,.ogg,2
80,.ogm,2
316,AppXf1v57rwpbss1y6yk2dmv5343knt0q745,2
317,AppXfapb4jstkgv25e17qm38bfkqh43bzh50,2
338,AppXgw8jsesna2s0kjf6w9gv1d36xjhv8qme,2
342,AppXhsbeg8dzpfnvytmgmpw16z9gwnr02b2g,2
346,AppXjaavt6w9fwtv0fv77qcb84p5a7wp6x8r,2
352,AppXkc9a6a3cr3pbmgqbdfgr11xbh3k4pqrz,2
366,AppXmghtqm3dfapntbpm6nbwdybbratnfc8m,2
4,.3gp2,2
424,AppXs7xmkvqnd03ekt81z1wbpe07r267x63j,2
436,AppXt0h93mh64rmxj5yw6yfsb5xc0cvewn6b,2
482,AppXyht8zkz79dtpv7mbd2srdv78xcc4vqg7,2
5,.3gpp,2
6,.3mf,2
83,.opus,2
189,AppX51d84m0eq4w0f67reb3fnn7nwyb8znfj,2
169,AppX3d20hecve2zczsvj36vmxa4ksjrdy22k,2
519,AutoCADDrawingInterchange.25,2
520,AutoCADDrawingStandardsFile.24,2
12,.asf,2
267,AppXb4sa3pxpn2jaqs25n8czkh5vxjdnxz6z,2
534,AutoCADLTDrawingInterchange.24,2
107,.wdp,2
564,AutoCADSheetSet.25,2
567,AutoCADTemplate.24,2
125,AppX00gjq2b9tdyhp1s33zgkr5kvafqjg10p,2
572,AutoLISPMenuSource,2
576,CABFolder,2
126,AppX01m86mpxz36bbtvjzsswdyj7xqmbetst,2
579,CERFile,2
301,AppXdqr4r77pe153w1hswxhtrwcmx46a09jt,2
201,AppX5tnr5c60kj48xden3zkyrtaf8rercj97,2
159,AppX2jm25qtmp2qxstv333wv5mne3k5bf4bm,2
227,AppX82bpysgfq5sycfg063c3hh0pmyt050fs,2
571,AutoLISPFile,2
175,AppX3sq3bq57p73z5rzbytk2gyjw4t3z5fyt,2
295,AppXczkz9aw2es20359w94djnezpm3mhghj8,2
84,.orf,1
85,.ori,1
86,.pdf,1
87,.pef,1
88,.pptx,1
89,.ptx,1
90,.pxn,1
91,.raf,1
92,.raw,1
93,.rtf,1
94,.rw2,1
95,.rwl,1
96,.sr2,1
97,.srf,1
98,.srw,1
103,.txt,1
110,.whiteboard,1
113,.x3f,1
114,.xlsx,1
115,174E-openlink-http,1
116,174E-openlink-https,1
117,AIFFFile,1
118,ASFFile,1
119,AUFile,1
123,AllProtocols,1
127,AppX01mbyq3s7wyb5hnqdv0zdgf3qv2sh9cd,1
128,AppX08bwmf41a1ck6afkhjzv88vsc6d32v9g,1
129,AppX0e3776mm0km7kf7a7knxnzjkx8a3hct1,1
130,AppX0enk2acdsmv8ydhntbtea6yjp27223q6,1
131,AppX0fhdsx1a8dsa07qdwaqtf8s7n7sm3qyf,1
132,AppX0fydmh50bvb7p6kh7btsvwx65nw7kr9e,1
133,AppX0g8mh1cks2qwxknhbkjbzmw2qdzj39ew,1
134,AppX0jr688mrddhm2gsn5y1q8jpx5tfsxk7s,1
135,AppX0nqncrgrt3b93v0z1ae0f5fa2jd0h9n1,1
136,AppX0resaq7r5ermbh4b96ke39yqc1atfhjr,1
137,AppX0vs1s1gdfdzt0aa2f45md0p51w70nhyf,1
138,AppX0wsnxktdxs6hfwqma1t2na5btxxxva9y,1
139,AppX0y16yb353q38d3jhe7tz9z9629b0jmmj,1
140,AppX0yfn1fhybwjxhemdkvvy841hdgqqy4y4,1
141,AppX117b46n39mhbr9r91kst3wpkhbsed2wg,1
142,AppX15w64bqjbs7j6enrkwt4wy4tq1mc78bs,1
143,AppX16p62am6qbchktbwhkrhpxaet414vssz,1
144,AppX17w1dzyknv8vge5dtahb16bgvh2k5z0m,1
145,AppX1akbsnxkswph8hkx1pb4f1s3d2rfbnyb,1
146,AppX1apmywg4z9t3tk3nrn9y8ntjc5cg9675,1
147,AppX1e0v1a1gc1pgbpebrzmst279w4xrr0se,1
148,AppX1hftew7pr2b9abb61bwxmgh4g636hycp,1
149,AppX1mjq60n0xa179tndsgttk3yaxsb2ay8a,1
150,AppX1n2jjsb3dghdwgk0zwt7yq7fab4xj8x3,1
151,AppX1qqr6m3rg6n8zd2cggqhdm6cnka9s71r,1
152,AppX1t4vn5qay086g7bav3ng08665fkdshvc,1
153,AppX1x7x7vsz0qmf3hxp4146v27b7wcxrmy3,1
154,AppX1yprbth8spa55n2rc6zbh6tc1kr1tf5h,1
155,AppX1yy62kdaj6x5qx3xwxdw8rxjtzm4z8qc,1
156,AppX2ak0be0thz2xm192zh0daa3eh8b34h0q,1
157,AppX2bb11z9v799qwd73206f67gd3n0e487j,1
158,AppX2cezadh9nsdj5cpb093fwp4kg1nezskz,1
160,AppX2n6x2basr1qe9ghfx72f95e0hh36wcmh,1
161,AppX2svebc22h8cgxe885dgy82ne5bsp4mp7,1
163,AppX2zjah2pd3y0c381z8kq26zr73yh31ngw,1
164,AppX31xfapvksaec23wywqfzb95ctp02g881,1
165,AppX333jbhpaq2hjpyd097614409g4kz15cw,1
167,AppX39hj5635gscr0hcfxt1q1d5xzs3eqsew,1
168,AppX3cx04417ybaf9kz7fem54fc937697n6k,1
170,AppX3dryg3tmg693ps92c56k896ryj2cj7q6,1
171,AppX3fycfedd0wap6fgy2yckek7hqbh5qza9,1
172,AppX3nhgtpx3f50tjt8tb388h02zqa8ygh0h,1
173,AppX3p914qnpgw4hwj856jw2y286v7d4qnzh,1
174,AppX3pxj5dmrt64fb1z2ne1790dj55gk5sk0,1
176,AppX3t5hr4xb80qqdn00fh18ghsd2hmm2e22,1
177,AppX3v6hct5w0szn0pd06ekse0yqavf2e8r3,1
178,AppX3vvxzmkjzran6fr3e3fwp8zffe3sq0ft,1
180,AppX40nx3azkcssh7ybcbzzjpgf1mg561cyz,1
181,AppX47r49gz1sf4sjkps9s6mb5e7pv97rht7,1
182,AppX4jbzrhvphxte25e0gxha6bq555nrgqzy,1
183,AppX4jm5qev01zmm71bh57xc1bv2z6trm9we,1
184,AppX4mntx4h978m1v9gtzv0ewksfd6pmwsre,1
185,AppX4nn7b6h7j6rxcqzrcajjehk2gt5m4k9n,1
186,AppX4qbwh872w8jbebmehywz6tw69ksvjkgf,1
187,AppX4ra53nzs9xcdyxf1wgcp31xefscv1jnk,1
188,AppX4rfpn5wdgh7n08za0gwsfpc97v01xvyf,1
190,AppX55f005d02kkc500m2njac25tkqrgbmr9,1
191,AppX5c55tbqy8hgeyk21tx5ewf1mq82vg7jg,1
192,AppX5dpdrg3mahy8gyzx056hmp5q7jb2h2ke,1
193,AppX5j46zc24vx6055xydh59v9jvty0ffbe8,1
194,AppX5jemgx5qq2hpadhzxsc5ersjde269rm7,1
195,AppX5n0ff369er3ttt3bgh8kqamt77hbzkth,1
196,AppX5nebv0xjaxafmmr3cnptgjg9pdpqcg0h,1
197,AppX5p9qcdw6j9atgwn8t1r4a11c24y3nvfh,1
198,AppX5sy1gww9q4g2gt941cdxxd7s07xe5vph,1
199,AppX5tfkddqjb8vc4gyag3b2m1qa9g2s8zr8,1
200,AppX5tj4txv3195yv5xrgfzpvfjjrkgjyeqf,1
202,AppX5v7we38cgvfafecay2zs25xjyfk3aq86,1
204,AppX5zvpe577tqtr90dqm9yw1xpj39vs5w1t,1
205,AppX6006hzyfsdm0v5mhzsyjgvyh29vvj9sp,1
206,AppX615h9e7t23081t807w6c20hckm4mm5r3,1
207,AppX629mb14nqwmjq9692b3v1pgx4jyfbtct,1
208,AppX6365235j7azx11tebzeay2a9hd0ngfk5,1
209,AppX669z7mxanewf111qg35stmhr2kdjb286,1
210,AppX69r31t6nmawqr1gdamcsndphj2v4a6cx,1
211,AppX6bdqggeytdydkzsv7y9p94e1edc1bspp,1
212,AppX6efkedsh4s4yrd49cf5nmjaza776n10d,1
213,AppX6eg8h5sxqq90pv53845wmnbewywdqq5h,1
214,AppX6fpeatq7s06ax5v197e0ec52hy4885hb,1
215,AppX6pwygraeddkpp6m3wt43c7mpk6xm5tr2,1
216,AppX6w6n4f8xch1s3vzwf3af6bfe88qhxbza,1
217,AppX6wzsp7de6rkte2wddnhvk79wekh96c6r,1
218,AppX6x5xxbmdt2s5bdktx2c8cvtgmyjdpf6g,1
219,AppX72dc5n561cntefvwfnzvejwgm6srebzt,1
220,AppX77a4xf1ynjnhecq6pjngc07j31r3q912,1
221,AppX77zsthmbxzqveyvr5gqhcfpnd7mfnd5j,1
222,AppX7e14hyy393fhc41h8fw8zqxjf81w22mn,1
223,AppX7kpp22z62c2phq3zqbj9wgygfdjrg3vt,1
224,AppX7tycjjv3satx1c8myac3gpn9ktrwns6b,1
225,AppX7ymyd8y0zhzfy1cp7z0exv65k7hn241f,1
228,AppX82hbsy9wc2mxt4bjezjs86cjtmw9antx,1
229,AppX83r7n0csmz5v66jefk22b60b5j4614pk,1
230,AppX84ap95f3gw6kjbmf7pc0h8dz8q7djneh,1
231,AppX8a0q6p0y1fe4cvka4w6br4gbnt6v0p4t,1
232,AppX8jfsd6wkxa91w82yg3dy61hekdvcgwt5,1
233,AppX8jhdnqqrtqrvvpks9gdxy42kydynbt69,1
234,AppX8mg1ky09gvfdexfmk8e77463mz4j1xcp,1
235,AppX8mn6f6acw2d3hves535dpq0zqnxqkec7,1
236,AppX8p56v28nkd56m5z9800wy7whgdd70mvm,1
237,AppX8rqbpcwrqrwyda3sbjwj7gx4n60cwsy4,1
238,AppX8ycvrmwr6bb4593fpx4hqz9xj0ehfcfm,1
239,AppX8zw7xct41bx2wrswqekb78rm243h02yh,1
240,AppX91krnjvv8vhy7bnhwbdjamt1ka7q3s45,1
242,AppX9g4ehkyjh6rv82rygx6fdmtk2wt6bey7,1
243,AppX9gfte2fvr8gyt3pjf4jkkn6k0p3t15p6,1
244,AppX9kvz3rdv8t7twanaezbwfcdgrbg3bck0,1
245,AppX9qvny8kg50f4n257nt763xzjrjphn7jm,1
246,AppX9rh1m2jsc7h4xzq848t5s18z13xad9cc,1
247,AppX9vwggs9kbe3mn0w816545e7zs1x6vegr,1
248,AppX9xcfrca5sr4146h9pntx56hb0f5vpka0,1
249,AppXa0erbfvxkj9gt6sx6ye9867qgnb400yt,1
250,AppXa1zhw6tmvw3gdan7xhq4cdhadwd3bn0d,1
251,AppXa51m827r0x8qr04zh5hpdcr4yhfkdm12,1
252,AppXa8mrpyd67nb574d4wrh3jevwkmke3n4v,1
253,AppXacsv2m0q0avr50q6w6vvd4rjva18cvh3,1
254,AppXad5ggp9k2wkdtng7w013ff69ktp2cfvz,1
255,AppXad8s9tmeq8k3wqnkjkj4t8f7zwpsk604,1
256,AppXaf0097ws4bwb0wre67gmp7pc9fjr8en6,1
257,AppXajsqtzxc3swn530gvypre9jp1rp1d2tp,1
258,AppXak1hygz1tpjjnxhr1pwtcgnkpr24r5e7,1
259,AppXam7tn2kf79dkq3rgyvg3kd49rt8pjdkg,1
260,AppXarc6g37bjvf299edhhmjx991tz75tcx9,1
261,AppXarrs62hke6epkgs4hz21rc31k0p4gqqq,1
262,AppXassm2k5er21ec9tqj99raa72bqdy59n1,1
263,AppXat3gagzpkgpcvp4gyd0m8zg6884k3qdm,1
264,AppXaw06vqc1h2a1cme5j27w3yzvdkrn3mmr,1
265,AppXb2qwc8gy4xbj6f1g1z6py6q9y2nx45wj,1
266,AppXb3p17dgyp21d84r3s8gz2x0em4328arv,1
268,AppXbemgape21yns3k5pd4ah40jz06yq6xrk,1
269,AppXbfem27ddbf6ebrx72mc6gnaw2e3nkpza,1
270,AppXbke32fwqsmh5petxsxrt1f5cz2awwbhn,1
271,AppXbm8ax5ek4tnzxd5718v3n7a0t0ejzdm1,1
272,AppXbn1t2kdjzspvf07x2p22x2jbvgy2gdeh,1
273,AppXbnfr6h3qms6yyaer8t0vqzjd8edfd1v0,1
274,AppXbq1p1w3r9jtehg2ahbspns3wrhbpegkx,1
275,AppXbry44gn95zkzt8ar5tvkbqvaft5y58ja,1
276,AppXbxpzjgbb0czbkkat79c3xrgvk8k2sj9s,1
277,AppXc0169k2vmjv069f767r8ncwe8afbbe7f,1
278,AppXc2gbd9j148zpwayj4a372njp57hj7gmf,1
279,AppXc2xhe774phgj91dq7p0jq9c3k7nyma94,1
280,AppXc3cd8z3qch48rdj0wxdxqqvrf1n6a87q,1
281,AppXc569rxppk1h477hyssne5paj21jcpvk4,1
282,AppXc8mpddqvf6cp02zmnn0pb3mqm37x5m6j,1
283,AppXcdh38jxzbcberv50vxg2tg4k84kfnewn,1
284,AppXcezf6bjsrpbyaqwyjdehhb46y5e5mm3a,1
285,AppXcfbxdgfqv4t6qkryq8vama5gtyj5zga9,1
286,AppXcgexw2dq1nkbw5cn2h9w16m3zjn15cd6,1
287,AppXchbc2bkt6ycg1ybw8ftsbrqjf4fngy9j,1
288,AppXckg9ay2hznynyqzza6wdbqr3j0g5qdzh,1
289,AppXcpfhrgtzsq5rdnf7abke51wf5nc7006y,1
290,AppXcqgejgmw294pdkqcbxxzsra8n3sxn39s,1
291,AppXcr7ve1e6y7nx8n3y5qv7m7s9kzz18jx5,1
292,AppXcrahejh9p9wqqtdannqr21r0tnqk7qwb,1
293,AppXcrrm92grxd8ft7jkmr0k1ntda2kecze4,1
294,AppXcsw1mqtj45hmgec3481jkpwqxjrzp5jc,1
296,AppXd0mpd5v31t3wgnhrtf3a2rs6sfrghnrv,1
298,AppXd3c3jyepcx704bs9gyr2223e4v4g6az0,1
299,AppXdjrzvj3xdnhrvk9scdypghec3rk45y72,1
300,AppXdnr7nzft7w2xy49v47sccrsmn0fbcvs9,1
226,AppX820nr94fe22kc7mq85zq79d8yy907cte,1
302,AppXdsn31wn0jh08e8bmka903ktcwjxgyzf2,1
303,AppXdx2rx46b0ra4rkbbkvbdtxk4rrdf3fr3,1
304,AppXdyw2j75xqd0y008p4bvtxhnxp3py2t2g,1
305,AppXe05qdnx2p14g0mw29139zqs9s5n3wcne,1
306,AppXe1z6d1b7h1zzk5p88je86pkayehtkwvy,1
307,AppXebxwejst77hy7453m9a33hxckk8rq032,1
308,AppXece1rr9g0bbtdss5qpkvwx3rt05bewp3,1
309,AppXegssybx65447k2q6prgacs1t5gzge8at,1
310,AppXejqz5dpvfxzdkq7rwbwmnn4gyqk3hhb9,1
311,AppXembvvb2c40gbv0nt5exdz1vmzyvch4h2,1
312,AppXemhx92p96cvd6penzmyxm45sqrdc0dxd,1
313,AppXeqgh0411s3r10xrd365wvm96hr7fqnvx,1
314,AppXetbdh0swwh6ban8367qm7yrb4aksv1x7,1
315,AppXf0gv96f6b0d4mpph15j15n30wrwxk172,1
602,chm.file,1
1,.3fr,1
318,AppXfdd0xhtedvyy01gh5qs68y0mfgqat71n,1
319,AppXfdg9x1zbrq81xr2mehkyjsyhn77r1qn2,1
320,AppXfgec83wjs8qf0r0dpnjtdvayqhw4780y,1
321,AppXfkdhwf0xb5wbfytwr3g7mf73kaghgttt,1
322,AppXfmrk7315x5we5vk7tyecqh6pghfpzytp,1
323,AppXfp6kkvw8823ptbxvr2be691hzfyrsazt,1
324,AppXfpvsv7wkbjffqths0mgxpx729sgx1csz,1
325,AppXfrkd3zsapkknp3sm254mhfbt2tfhxad2,1
326,AppXftqk1pj403x0f07vmmbdna3vt8hztpsy,1
327,AppXftryvpb6mjfm53c1cnm656txbdhd101s,1
328,AppXfvdy2xs18pcp2dv99rrcxe3kqmx56dq6,1
329,AppXfvxcde35x54f1dmetzmy1q8j1bg78536,1
330,AppXfx9vpzm04f9ecnssv42p7ghafzpasv1j,1
331,AppXfy9tvqdtnq5y7hx9ndtqdad0j0rk5jdf,1
332,AppXfybvrw1cqvxvkvy5wrh07yhred2gvpkx,1
333,AppXfyexqj6mrt1xfjewp9r8c836mexbc01x,1
334,AppXg11sat4ycfwazj0km6e55ez3pcbq6cnj,1
335,AppXgjv84yxbfnmzfebr4ez98rkqhzb6zz7g,1
336,AppXgnp588wpgdkq5vb097bny9n16e3z6t15,1
337,AppXgtz62cfp9761w8h33sbaykyt1vkbm4vj,1
8,.agent,1
339,AppXhfr4ffhaz94wqgfazpgadvyc5t5hc8ww,1
340,AppXhgb5fvbrz74mph5dybvv0ytqdvafqpv4,1
341,AppXhhkhyqrpsdn2kgtvr6qf6att22kmtadz,1
9,.appcontent-ms,1
343,AppXhsbj3fwpbcg6hrmw2qpprbkhhgg94f96,1
344,AppXhw73fxxd4pf1p5pm5r13y4m3vezj4v1b,1
345,AppXhynybeeyp16zhk5p3bwxdxmsm99jry34,1
586,Classes,1
347,AppXjhmdyczv3ywr3tanm7f3ahcam0ejf4qe,1
348,AppXjqjq229pgsx4zjvcw6jzvdadycbc1p2m,1
349,AppXjsdsf5vqjpck4w72a3ve2zmnsb3qfec1,1
350,AppXk1jhs0rea2g7vgqs9r26s814y9f3t18e,1
351,AppXkc56mm06y07z0tvjweg06dcbp4mzz3er,1
14,.bay,1
353,AppXkd168nayg3cq76m1c03h6ch9qwsdgn6j,1
354,AppXkdxq2adh0tcp9ds7s32jq7p72z1g723h,1
355,AppXke6eh8a1ew0cqjwpdgcvg9rj36gxfss1,1
356,AppXkheq53j0cwg3p8gbf1evcx8ga9pe0j49,1
357,AppXkm8b7fezxxzfxb4yqmj2q1h8hnvbchk5,1
358,AppXkn56xdcdp99waw9a274m40pvssepbqct,1
359,AppXkvf36cddeb7gnrnyvagrne5cysrcrewa,1
360,AppXkytm3hnq0vzg49fdp50v6n482apdb470,1
361,AppXkyywevg3gcr47r27n3xayac8asmgn5aw,1
362,AppXm4fjth7rfv9b2vppk3w1gcpsf4gy9r3n,1
363,AppXm7qcvftvqp3dna7m689k3e0g75any9xj,1
364,AppXm8fs0gj5h36ynw4kq0x3gqnz6ecr1kvy,1
365,AppXmd1c16n69ytcvtqy0ayx31cedtjjxrfn,1
15,.bmp,1
367,AppXmgw6pxxs62rbgfp9petmdyb4fx7rnd4k,1
368,AppXmm6vp34bnn9f558e8vb657j7j9q50r1q,1
369,AppXmrzewgswm3y60fdz9attr7pr39wrb9dt,1
370,AppXmwwyhgdj6npeeqe0bxkbr07wkr2mxjah,1
371,AppXmyfncpcd5xca8w9q31na0pebbg2at8v3,1
372,AppXmz3vms2vdzvrx5s5yqfcjj3rxxs37k38,1
373,AppXn1yncy109nq4ebnbk9ryn5kyrx9bb2ts,1
374,AppXn5zxd95vqam1cq3nsy567mt5yrjg1t2y,1
375,AppXn8vagw663cz9m3j0rmkddxpbq9x0716k,1
376,AppXn9c31fqqtr163rfkqh8yejd9swx5vhjj,1
377,AppXna3j6r09rdzanzczdfp9etj8g0g826fc,1
378,AppXnet7hdx3k003m5fpmg176mrng7t9t6hb,1
379,AppXnjayypjpx6dtabtjqtt76hhmg5nsz5nm,1
380,AppXnk8z0r387b0gn34j6jzwmqwc6ah95yqy,1
381,AppXnknrdpcag2pphh55ptp27pkszy39bmem,1
382,AppXnn90p29wc108haje7ahczjhc00h3p5sf,1
383,AppXnpkcs27r12sq185758eq8795p8qva9e2,1
384,AppXnzh5v9w1s9pv2y889efv7t8bg0msmhca,1
385,AppXp18ym4xr204kvw1e76kcwpeev3fsaqgb,1
386,AppXp5fzsrbzrrckawyxaw2mk2xpxbeqct67,1
387,AppXp6tw5vjs13nwez9q88pd3ab162snajd5,1
388,AppXp8e2ntvbtget7f2fw6qec3j54vhd14m4,1
389,AppXp9gkwccvk6fa6yyfq3tmsk8ws2nprk1p,1
390,AppXpb1vntage8kvnwpyg40aqz34j851h4p1,1
391,AppXpbak3ja9g9qk33tfchys24n5mawy67rp,1
392,AppXpdgeqrp7ntm74ffgr878trgvezwcc21n,1
393,AppXpgvwesmgtg9r2bh2rkn8wc22mrzsgb7c,1
394,AppXpk0nn8bn26kcej3w5fgsrmf5g2qze393,1
395,AppXppj65mbab844zrwy9aaa5fmzjc1rret3,1
396,AppXpqezn1hxtjg8kte6xja1g60me93yxzty,1
397,AppXpzkxgsbx9mzsg8kedsrg63eqxykxrtcx,1
398,AppXq08kctzmsmvzsd5stz40dn4h8p996g8y,1
399,AppXq3h5d3vwzah89qv1rz5nvvavx23q4fhn,1
400,AppXq7xva9frsskbzfqp38nmetqwefq2hzdz,1
401,AppXq8btj36kvahvgqpj75d9n4510vjppa26,1
402,AppXq8ej51kwc32g8yx220fa2hgymxarz68q,1
403,AppXq8jeqpz7v6y04dxj64qcnmz91vcy2ya1,1
404,AppXq9zx428caa50ffz21pym39nr2pd8z5mf,1
405,AppXqa9kx08pp482n365mhdr3faprchxp2hp,1
406,AppXqetd96w6xv8n9t4mrrjm5fc9n1fm4xgb,1
16,.cap,1
408,AppXqjyfmc5mk3hmghyt3yynbcb2jsdyp4fs,1
409,AppXqmt9n48kdgabchqtfjw3a4n5as0gk0vt,1
410,AppXqn44jnwd8bvjdrdfm5cdder1g00adfnv,1
411,AppXqp4crmtced2khzjyqxctgxbv39gb00p2,1
412,AppXqq8fm5zrge1cwse3am06zfa4a1ren19e,1
413,AppXqyhngdh2jwvw0g10yv3r0w1gq8sc31b7,1
414,AppXreyvazcs64j2pgtpwyt49g6ce85mwrwg,1
415,AppXrpfzaymx6hccagzg67a27610ppzrde8j,1
416,AppXrpqnz37s7938xjfwvmrs7gr5befk6fbh,1
417,AppXrrc35swsxbxyav8y210z6j9sywdt3mmx,1
418,AppXrrebmngeb0a7ggdd6sec1cq49468v8qr,1
419,AppXrwygs3cxb4nxzbm69z90vqvynqdf7jm6,1
420,AppXryca8mm9cqrnrbv1npmx4k6sqwqyg9zm,1
421,AppXrz5e4szrrtqhfw6jahqjfyyk81vtbt09,1
422,AppXs0nsz3ftt5vxavhbg7xtxkbmze33zxks,1
423,AppXs7fhac330jkwpw8hmshc2nrew8dnvbtq,1
17,.contact,1
425,AppXsb7pjb871gs6c1j1w8zwka0qcw5dz60a,1
426,AppXsbz2fdbdmn6pz7xyd3zc95j9syhcnyc2,1
427,AppXsewwn7hf2a2j3wqag7dwra78wcgf6gz6,1
428,AppXsgcpm6zjvn2x119eabbg99cfmm33f4zf,1
429,AppXstagsrybc2dkesq85qj0xdqq4dbn3k6a,1
430,AppXsvgkbkjq8v7f3a7fsvsd0hapjzznvan6,1
431,AppXsw9t4qt11c13xdkbmz7pbew620pxny82,1
432,AppXsxqxpnabn541ryzwjr2my3ma3cj00265,1
433,AppXsywsp6kb3dx2vqg7qaqkbc26sn1pbd28,1
434,AppXsz2w8kr3vqa5h0xgxy7bdt9816yyqntm,1
435,AppXsznw5fbvk39p89v3y0wpzzmzx5gmgwhb,1
18,.copilot,1
437,AppXtggqqtcfspt6ks3fjzyfppwc05yxwtwy,1
438,AppXtkjk7ve8gcvsz7s2y4kkf56wrmb5edr7,1
439,AppXtmyvd154r75whynphdjyax5d711yvn0s,1
440,AppXtpa1r0r6eff0mjbzrwwh3rd8vkz5agfy,1
441,AppXtrzd7zy1s895026r3xxwaxenj5vy94rm,1
442,AppXtsmg3v4j4x76mctp0h8w9ykwqt07rr43,1
443,AppXtv5h7e8p220c0m6776xz6am6amft9b6j,1
444,AppXtwky5e5m0mzqxbzyr7bnb2m0d5w7453p,1
445,AppXv65xdc23w4yfs44vnw77r03j94c4jnww,1
446,AppXvajemdrj1zqffkwcp23j91e8g1k4v46c,1
447,AppXvc56skzdtpwvyj202rw73x7aytja2486,1
448,AppXvk98z8gfdq7gdeydeh2zpvfaw8jqcm1f,1
449,AppXvks94gjj6kqyt3mdm6gdkn78zngpytfd,1
450,AppXvq4f1zt10bsf3q4s1dcce6w9mdd5k7tm,1
451,AppXvqhb9dhb3dg0mpfydfbz4qp875kpspza,1
452,AppXvqwkhjq7c3z186ctwptz5346tk2retwz,1
453,AppXvs2f083ytbgr5h2cq5kckraykm69v1yt,1
454,AppXvsqkg1th80rv6s2rkh5m1hjp3hxryydd,1
455,AppXvvam443s8r5fxr820svn4hct32ev90wd,1
456,AppXvvr0sjtc34r6nk4mhn2e608s2xp2tezg,1
457,AppXw3nvmqt363p060ea53qg33er1a0782a8,1
458,AppXwb5ej2t6660nnqf9rbdjmt95b2dc5ywd,1
459,AppXwkwctjzwtre31cm4f91h5extbhywmp1w,1
460,AppXwnk0ehn8z5kxahp3jtyzy2xxcx9yqk0m,1
461,AppXwq4e0xapk31csbq4t44m8rv3wjxfgzg3,1
462,AppXwte2957dqyfks910txy72mdf8qn35pxk,1
463,AppXww7m7pfp3kkqn0gjt1ywfavcsamj9mzk,1
464,AppXwwaj365vh56qsq113kc3zrs1rvk43s1k,1
465,AppXwwxyjq90g017m9y1fp1570snbwnfbaxh,1
466,AppXwz7r75npfrvcqny4kf2s1t6w3nww8d51,1
467,AppXx18vc3qsht7d5m0bhtv58767b6hpznxh,1
468,AppXx2sr4cswbhgdbyv0w9vvhtyh0jr74rgh,1
469,AppXx3md7gv61p6gaz8rpch5ny97dwy8rn96,1
470,AppXx9a9ndnq2qj4pfk2pjkcwvrry9qwdhj5,1
471,AppXxekgjqvhm9agb4qc9c4jsehqfm7cmtne,1
472,AppXxfzmfpme06qpdmsvw8etc4vd5sb2fpth,1
473,AppXxh6g2r5zbad6yrrawr6vkzgcrsa50f0z,1
474,AppXxj2f3ynh0j3tsxrrwrav1qg14y0ar17x,1
475,AppXxvnbvsna403aer8rg6v5h12z8c8te2rc,1
476,AppXxw5w6gjgttxwvjx1y5fekx4q25r0sm4q,1
477,AppXxwb6a5sngw9b47jyvveaj31p1v1nvbx8,1
478,AppXy3yq0vv6gfz2qst7btfehteg0rmhnrnj,1
479,AppXy8gkt88effmt6f0w9bgwj930ntzn6bgr,1
480,AppXybm0hz3h6qr4z6wdaaefvpq136awdq2e,1
481,AppXyhj8780c19x3fmfxz91fzp1yzmr5wae0,1
19,.cr2,1
483,AppXymf792xv769e0ev3pn0pc7tyb2yg564w,1
484,AppXypf2bmzfsbaa6m3mfmcn7mry5zeax1sq,1
485,AppXyphhzmtg1fcy7mcsf5zc4f1q4d2wddcj,1
486,AppXyt4e1r8vtws4tapcb0n9kk2abqj22kv2,1
487,AppXyte1agk1gt765291prervr3pvygjqp1d,1
488,AppXyvnwgsgj1xkc859fkfds2ntpnrs6dwdz,1
489,AppXz1f7mt6twtw1bqxtxypg66a1xzfg1t03,1
490,AppXz1mya4qsx2hgcqacrrnganpnwc9q6mnn,1
491,AppXz2d7qm1dmekjyt1p721ccpt9mfr1a0p2,1
492,AppXz72mnx1bvccfdfre5de7k7k4gbtpv7d1,1
493,AppXz8mxx9pzpvbb0q1gkn88setxv0fqkjn8,1
494,AppXzakfgeejsmwhgzp8fdnp87dyfh9kb9m2,1
495,AppXzaqbpab3cev3y07hxar8tqzkhjvhbjej,1
496,AppXzdsck4d2we29n84qy08hzf2d62jj8mek,1
497,AppXzg6fdzp57dpmt1dqardd3y48kkx0qb78,1
498,AppXzszr1fd6kjtadqyjr8tm860dyd4bdffy,1
499,AppXztymbw55c24qp3qfb1jac0r6a8w3rtfq,1
500,AppXzwzqcpbryaqwje9458k5ykwbyg5fzk8y,1
501,AppXzych6jbn7p3xzarpfwgxas39g87myyjf,1
502,AppXzyv64k6wgzc1mwdb5d2p9pbmeg56sas5,1
503,Application.Manifest,1
20,.cr3,1
505,ApplicationContent,1
21,.crw,1
507,AudioCD,1
22,.csv,1
509,AutoCAD.Drawing,1
23,.dcr,1
24,.dcs,1
512,AutoCADAuditLog,1
513,AutoCADAutoCADVisualLispApplication,1
514,AutoCADAutoLISPFastLoadFile,1
515,AutoCADColorDependentPlotStyleTableFile,1
516,AutoCADDXFIXSupport,1
517,AutoCADDialogDefinition,1
518,AutoCADDialogErrorLog,1
25,.dft,1
27,.dng,1
28,.docx,1
522,AutoCADFilterList,1
523,AutoCADFontMap,1
524,AutoCADHatchPatternDefinition,1
29,.drf,1
526,AutoCADLTAuditLog,1
527,AutoCADLTAutoCADVisualLispApplication,1
528,AutoCADLTAutoLISPFastLoadFile,1
529,AutoCADLTColorDependentPlotStyleTableFile,1
530,AutoCADLTCustomDictionary,1
531,AutoCADLTDXFIXSupport,1
532,AutoCADLTDialogDefinition,1
533,AutoCADLTDialogErrorLog,1
34,.eip,1
535,AutoCADLTDrawingStandardsFile.24,1
536,AutoCADLTFilterList,1
537,AutoCADLTFontMap,1
538,AutoCADLTHatchPatternDefinition,1
539,AutoCADLTLayerState,1
540,AutoCADLTLinetypeDefinition,1
541,AutoCADLTMenuSource,1
542,AutoCADLTMenuTemplate,1
543,AutoCADLTPostScriptPatterns,1
544,AutoCADLTPostScriptSupport,1
545,AutoCADLTProgramParameters,1
546,AutoCADLTScriptFile,1
547,AutoCADLTShapeSource,1
548,AutoCADLTSheetSet.24,1
549,AutoCADLTStatusLog,1
550,AutoCADLTStyleSheetFile,1
35,.erf,1
552,AutoCADLTUnitDefinition,1
553,AutoCADLTXREFLog,1
554,AutoCADLayerState,1
555,AutoCADLinetypeDefinition,1
556,AutoCADMenuSource,1
557,AutoCADMenuTemplate,1
558,AutoCADMultilineDefinition,1
559,AutoCADPostScriptPatterns,1
560,AutoCADPostScriptSupport,1
561,AutoCADProgramParameters,1
562,AutoCADScriptFile,1
563,AutoCADShapeSource,1
36,.fff,1
565,AutoCADStandardsCheckFile.25,1
566,AutoCADStyleSheetFile,1
38,.fluid,1
41,.iiq,1
569,AutoCADUnitDefinition,1
570,AutoCADXREFLog,1
10,.ari,1
43,.k25,1
573,AutodeskColorBook,1
574,BannerNotificationHandler.BannerNotificationHandler,1
575,Blizzv1,1
44,.kdc,1
45,.library-ms,1
578,CATFile,1
47,.loop,1
56,.mef,1
60,.mos,1
72,.mrw,1
583,CertificateStoreFile,1
584,ChromeHTML,1
585,ChromePDF,1
587,CloudBackedFile,1
26,.dgn,1
588,acad-acc,1
589,acad-openindesktop,1
74,.nef,1
75,.note,1
76,.nrw,1
593,adsk.idmgr,1
594,adskidmgr,1
77,.odt,1
596,blendfile,1
597,brmFile,1
598,campfile,1
599,capcut,1
600,cdmpfile,1
601,certificate_wab_auto_file,1
11,.arw,1
